{"cameraMode":{"drawMode":0,"name":"Shaded","section":"Shading Mode"},"sceneLighting":true,"audioPlay":false,"sceneViewState":{"showFog":true,"showMaterialUpdate":false,"showSkybox":true,"showFlares":true,"showImageEffects":true,"showParticleSystems":true},"in2DMode":false,"pivot":{"x":2.758866786956787,"y":-0.4903186559677124,"z":2.6069064140319826},"rotation":{"x":0.011327637359499932,"y":-0.11076519638299942,"z":0.0012625603703781963,"w":0.9937826991081238},"size":3.324744462966919,"orthographic":false}